username,email,password
johnsonjoshua,donaldgarcia@example.net,odJFCrn*l2
garzaanthony,robinsonwilliam@example.org,edlBD#d-z*
jennifermiles,lrobinson@example.com,1C5Jau2RJt
blakeerik,jpeterson@example.org,BRnlWmTSHf
curtis61,melanie94@example.org,6&pWk_LU=y
yherrera,arnoldmaria@example.net,ifDLkDmWJ6
barbara10,kendragalloway@example.org,UuVTAIjv&F
jamesshawn,francisco53@example.net,u7WI-CPhDe
jacqueline19,amandasanchez@example.com,OZIiB+OB@Y
onelson,gabriellecameron@example.org,6sHrF-&H2Z
lydiatrujillo,nadams@example.net,UCr$@lgotu
jason76,ithomas@example.org,2iXW7^G_bo
julie69,icox@example.net,&IRoL3u6aH
ddavis,hernandezernest@example.net,#w#nM#ztVu
ycarlson,dcarlson@example.net,*^aP!coUNE
tasha01,kayla51@example.com,hE+kk!i&qq
amoore,teresa28@example.org,8_vH^2B*zN
meagan89,ericfarmer@example.net,ZV4%5pFCiR
georgetracy,hickmannatasha@example.com,c_DCajhDie
brianhumphrey,millertodd@example.org,Qj$EJ!B*q=
davidalvarez,josephbrennan@example.com,=8F80ymm3T
sarahcampos,jenniferross@example.net,207gmhZRnF
samuel87,wrightcaleb@example.org,yy&5r2xJ7F
briannasmith,perezrebecca@example.com,j4_mg*blEv
palmerjoshua,ilewis@example.net,0!9BZhvWaX
esanchez,glee@example.net,H6K2-!tyLB
agomez,dshields@example.net,h*hOhg9#^u
brownjessica,wrightjames@example.com,h$kxiiEZp+
robertramirez,nancyjones@example.net,Ffk1+%OHAO
williamsyvette,novaksara@example.org,EHYqM6Ojb6
richardolson,kbarrera@example.com,+mj&B#HqSi
gallowayjoseph,smitchell@example.net,FVKu4*M^b_
smoore,tanyariley@example.net,MnrHon_tIK
adkinsbrian,hshaw@example.org,ARAH#!Ggl2
yuchristopher,caseyjones@example.org,JfaQqHu4_2
kwilson,bethwilliams@example.org,-bojt*eV_s
ksandoval,sarah35@example.org,3qfNUfTAFn
randy47,sarah10@example.com,T-0tEuw0dw
jonesjason,david51@example.org,Q0FIunWe8C
justin78,cheryl80@example.net,z6SNDCdyZQ
sarah12,darrell18@example.org,JiJS$Z&Qdo
juan35,gracefarrell@example.net,HwHen3SO3$
dking,waltersmaria@example.org,oX=yGf3a%&
cookdavid,evan78@example.net,zU3iQOpM#N
hhoffman,landryhannah@example.org,0PZL_qy1Ww
davenportbrandi,russellwilliams@example.com,+MZ_aMKA3P
nolanjason,elizabethgomez@example.net,744B$8vkK$
vdickson,sarayoung@example.org,QlENCzsdfF
nicolejohnson,kimberly63@example.com,8j61=yX@ZF
kristinrodriguez,garrisonjeffrey@example.com,san2Cw%7g-
kevin33,kellerraymond@example.com,Fp6r7^-O4#
rasmussenjoshua,ifrazier@example.com,2_5u85HFJ%
wilsontara,beverlyterrell@example.org,!EJ4jKEIQO
carlsonmichael,samuel81@example.com,*krtDXtBi1
jonathanfletcher,meyerlindsay@example.net,0Q*71hA1Xc
michaeljones,cindy14@example.net,=W9aTMX1&*
elizabeth56,angela36@example.net,C!CI3!dXRZ
lbyrd,richard04@example.com,v7q&dY+dk2
russellcarpenter,steven73@example.net,r7xgHWPB6P
yleon,donnacampbell@example.net,RWJ1Gk8c*g
clarence34,lindsayhernandez@example.org,SCifdFzctE
traceycarr,gibsonolivia@example.net,q8o+B7GVvo
jennifercruz,psanchez@example.net,uNndN=WYzj
staffordmichelle,osbornejeffery@example.net,FnMp+fS&2V
pwilliams,bryantlaurie@example.net,i#Rb1!n3U6
stephanie79,jrivas@example.com,t3w%I&973I
juliawells,karen48@example.com,PFlJ5F7+WR
joshuajones,jimmy55@example.net,d@Px!BTHRJ
taylorjesse,jasminebrown@example.com,J-b%ykE0!-
amy60,marissaprice@example.net,E8!5clLCZF
gateskathy,wwoods@example.com,NV8_^S2_QT
acastaneda,tracynelson@example.com,6INGDpyOp&
priceelizabeth,dramsey@example.org,xyB9J^KmyL
meadowsbrittany,millerroy@example.com,DUwMb&qJfg
brentgray,shawnrogers@example.com,_Lq!nb=K89
karen64,ruizkaitlyn@example.org,4RxgG9oiZ!
jeffrey10,herringjames@example.org,j=gtt+MkFp
johnwells,elliottjeffery@example.net,-1C%W54M2N
katie29,stricklandfrank@example.com,+hmABHkuEw
lanesarah,tsanders@example.org,_jua058LeD
vargasmaria,curtisbarton@example.net,KK6jDHz2o*
hoganashlee,reedross@example.com,CtIsjhvN+K
huntermatthew,gshort@example.com,4p7MZI#*@4
cynthia72,hthompson@example.net,kf3PGdlD=c
christina87,ugraham@example.net,I=fw8%4Jx3
marcus31,nicole37@example.net,!l8S0QPnuQ
frogers,hunter35@example.com,0@KZ_e6lOG
joshua94,blackjames@example.org,PoZ$a*70gy
wfreeman,hannahbrewer@example.com,%U@4gAI_qK
fmcguire,jeffrey34@example.net,4!pdEuN_b_
thomas85,jbarajas@example.com,0lCo7pt@L$
jacqueline44,jerry35@example.org,I198F6_sXy
jamesrodgers,jenny89@example.com,$riJ1R#IaK
wallkenneth,harry08@example.org,M!t5&9SQ_*
brandon08,heidi27@example.org,W6PyE=XD0f
andrewstaylor,dpeterson@example.com,O8WXt@eq#Q
ewilson,kvasquez@example.net,m4m^6bs0tj
hernandezlisa,christopher31@example.net,8HRYkQ&WO!
yobrien,kimberlyjames@example.com,*eiEKDl3mm
michelle64,lynchjody@example.org,4vMdfPhLTV
josephmiller,glennjones@example.org,3sF^0+xvwk
mhayes,ocarter@example.com,WE@sD7G6Gb
jacqueline71,sandrafrench@example.net,7K*uj4SM2G
ronaldstephens,rebekahserrano@example.org,6MzX9nEW=T
martinkyle,scott74@example.net,=LLcYJb+g@
gbender,mkim@example.org,KDTCyGrmfN
mnavarro,anthony39@example.net,4eUqlLP1wz
keyemily,barbara27@example.net,q*U^#IvG9L
lmoon,fwalters@example.org,Ro7jsCY-Ul
vbailey,elizabeth25@example.com,YbH&p6VHWV
zroberts,gibsonleonard@example.com,nD8d-PCi7M
cordovarichard,sandovalamy@example.com,0orfeM@omE
lopezmichael,wgarrett@example.org,&rX6V*1t1m
josephanderson,samuel71@example.org,!0JeVB44EU
jennifercollins,tranchristopher@example.org,mV*ThYJyp6
pvalentine,tyronemoran@example.net,lBcgQFq+Ai
robert77,stephenthomas@example.org,_ABDQsaJsq
michellehill,ymorgan@example.net,*GwodqbTEP
lori44,cgrimes@example.net,cwHgq1^oi8
jreed,ugibson@example.org,5U$n5#Cf%M
ashleyhall,vwilliams@example.com,6dh9Z2n!4j
qhughes,tylerjohnson@example.net,kPsiqJ_PW^
molly71,jsmith@example.com,L6#3mo_B35
charlesharrington,matthew61@example.com,D0R6Z1mO2O
ofinley,cbrennan@example.net,GVt8ilkl3m
younggabrielle,wendy16@example.org,Vq-h--Qp0T
wallaceheather,williamslaura@example.com,2gKNTn=#Bt
nicholas23,yknight@example.org,9CnS-VoJ=C
gregorylynch,pharvey@example.com,2--dIdxINR
jesselittle,ascott@example.com,Saxs+Zisdl
erica21,llandry@example.com,^BW16RuVNP
dvaughn,james67@example.org,+kgtugkI42
patrickhoward,victoria40@example.net,!41IB$oS3o
khill,lozanojulie@example.com,K!^NfCYhaA
catherinegomez,christinebyrd@example.net,MBrGLPpa@3
courtneyberger,parkerscott@example.net,wqW&D#-TjY
jessica14,julie23@example.org,f3c6jO=2=Z
alyssa42,robin74@example.net,1LoZcPv6Ul
linda71,karenperez@example.net,3nF3Z^kYNR
zcoffey,christopher60@example.com,CQvj$o^$yS
gibsonemily,brenda51@example.net,SsEnsGzwtj
thomasharvey,rose31@example.net,w@7+5+POt4
tblankenship,cwilson@example.org,i84MJhT#jN
wendy11,paigetaylor@example.com,75ehVKjl#X
ellen86,nicolepena@example.com,7_f5=yP8#t
rcrosby,vaughnjeff@example.com,h5nRk#wfF4
melissagarcia,amy50@example.com,4^%uUVKX0R
james17,batesdarlene@example.net,gQiQm-XKGt
williamsmatthew,kristinharris@example.net,QksSNYqkN-
brendali,markhernandez@example.net,WQq^l2$UcU
ramireztracey,amberlindsey@example.org,NxBR!yCrtj
andersonmichael,briannasmith@example.com,Lm#*^eRqWt
martinezrobert,reesethomas@example.com,uxv4f0UE4K
hayesjeffrey,acostaregina@example.net,5D&EN8yV=4
stephen00,bboone@example.net,7KW#^1uzrG
henryrenee,lammarc@example.org,g9V_n%pKku
martinezclaudia,oscar98@example.com,I5$s3lC5Sd
bwagner,mcguiredanny@example.net,1gY#VEXkVC
russellbeasley,dmorgan@example.com,dOmQsreK8r
ublair,qedwards@example.com,85akcGBt_^
gloriawells,deckerchristopher@example.org,2oKEMpgE16
lisa80,elizabeth65@example.net,io@&c$=EsL
uparrish,schmittcaroline@example.com,2aTE=1xk^U
lanejason,gwalker@example.com,i^*##_cX8f
danny49,lindsaybruce@example.net,XVGcTiSEnQ
lynchdiane,anthony44@example.com,rfT*Rw79xr
adam29,vjones@example.net,i6eLzfzfON
davisalyssa,vbarnes@example.org,$Y*8GeyKTg
larry59,wareeric@example.net,QIpV3Z4XRx
craigjoseph,ctucker@example.com,@@V%Ik2k3x
jason81,russell49@example.com,*LPnkPLN52
brandon69,smithkevin@example.org,v4S5fT3Jhj
kathrynroberts,smithjulie@example.org,ZU$uds4eqi
omarpadilla,charles06@example.org,EUUX+et5VV
umorse,tberry@example.net,4j=r^UYOJF
burchgeorge,xcollier@example.org,odx@%X-pHH
prichard,hchapman@example.org,5BK!zprj5w
vharrell,jeffrey21@example.net,4lOSi_*LMu
schmidtjames,michael23@example.org,wU$CpzrE@d
jonathanthompson,kathleenrios@example.org,U_=V7_qliN
kmarshall,kmaldonado@example.net,Y9^00=jqOj
michelle52,cjones@example.net,57%Sq_xq3#
laura90,william47@example.com,hp%tMvuPCS
brownmarie,newmantiffany@example.org,%KkGz_JqM&
jford,colelisa@example.net,l#vtvR+fdk
marcalvarez,susanhayes@example.com,f=HA=1d@*L
wagnergerald,jasmineritter@example.net,M9FZM6jhu4
michaelhardin,vortiz@example.net,197ARsOOSZ
mccormickdeborah,riveraangela@example.com,qV$-nOE7pI
johnathan92,christopher25@example.com,5FsmgLX1Fu
tanderson,collinsnicholas@example.com,P=Oyu@$7@N
elizabethcalderon,lucasrodney@example.com,@clY#6EBTg
coxhenry,matthewmiranda@example.org,gK@8K&bn3r
zoemoore,megan18@example.net,HUZUfZg+-y
stanleynancy,carlamoore@example.org,U_KjX#5_Jp
jenniferwilliams,erica37@example.net,qmYVR-Usz$
karen73,kylestokes@example.com,Z#fferQ8%6
michealvalentine,smurray@example.com,t$rPOuYMR#
mburch,moniquewilliams@example.com,$&!+M8cVQo
angela18,mitchellkathryn@example.com,1Nd8H=Dg9v
jwhitehead,odavis@example.com,^WsFe=oyc4
sarah60,pshaw@example.com,O1t0A0#8hr
brooksanthony,combsdebra@example.org,%A-P9^WOw6
benjaminlowery,ihorton@example.net,&R*TH9yFJ-
awest,smithjason@example.org,MCMKA!O9S-
srodriguez,kevinwilliams@example.com,JKp=*WYSsL
fbrown,chenbailey@example.net,fKkS4G9Bz&
kellysmith,john62@example.net,I-IrnEFg^C
millsmichael,myerstheodore@example.net,Dgm0Q8mra_
qzavala,kellycarlos@example.org,u089zKPKhl
ingramjill,dennis58@example.com,=D&ew1weY@
mariacohen,zwelch@example.org,xLebM+nQK6
baldwinsherry,carterbradley@example.org,*^@r#7IyoQ
stewartkyle,ihays@example.com,u6GxbRL+yw
benjamin34,michelle05@example.com,Z2$PlZmxr9
lloydsamuel,ypaul@example.com,PFaHXE5IQM
tylerjimenez,laurie61@example.com,=bHUEhp7Nu
amymorris,murphykenneth@example.com,Z#NpLVCCr9
cjackson,sergio59@example.com,t6V1_8&BFk
danielle01,zcox@example.net,^5^Uj+oh_#
stephaniethomas,ejohnson@example.org,z=&tvP%4oA
michael90,erikarush@example.com,!l$5h6q$16
khines,alyssasanders@example.net,+h-7NcYGaB
john10,victorhughes@example.net,jf2Si*hi8e
greenjorge,nlewis@example.com,K0xr1VW5WW
igonzalez,hayesrachel@example.com,k*rSpw&Y^q
cochrantammy,elizabeth18@example.net,CacM7*2&WD
patricia22,william13@example.org,F6StJyoe1c
kristyjohnson,tanner82@example.net,EAime5gFfZ
jonesraymond,xfox@example.com,4D*Bhr#LD=
martinezlogan,coleerin@example.com,O=PEMs%C0M
nataliedeleon,katrinaanderson@example.net,Jh-w2-@gSW
guerraapril,fred53@example.com,^O10tMWx&8
meghan43,david49@example.net,ECMs7h-01-
shawgary,georgeweber@example.net,^rXFGAQk5V
megan90,millerstacy@example.net,l&ygIWfjy-
debra96,jimenezcourtney@example.com,B9AQMbByp9
timothy64,djones@example.org,FAYE_PKW7&
dperry,matthewthomas@example.net,TNHU$@7m8O
jessica56,kathleenrobertson@example.org,AVO0f+CscH
john14,gwright@example.org,_1LtzQDW+F
sonia96,sydneybarrera@example.com,@_RG!!6vTv
james27,tjimenez@example.com,r*!x*h^ejg
davisphillip,nlevy@example.net,a0rDitbB#6
brandon47,amitchell@example.org,Vh9!ca&_0b
qanderson,kathryn50@example.com,c^J&Kc#3wn
hudsonjames,charles87@example.net,m^tEy^GTIY
marcia99,andersoncolin@example.com,kVZ6+FCMke
angela52,carriemorales@example.org,lZWW_8hbvk
williamsjennifer,jstone@example.net,@3Q+m^fDB+
markaustin,phillipjensen@example.com,8IfjJ*+ewO
william88,terickson@example.com,cAsYjMu+E+
richardsonemily,ysilva@example.net,X*QXrk#Sgm
carlsonjoseph,jennifersilva@example.org,3DjRYPdI5!
rhernandez,anthonyvaughan@example.org,DT_W3xWkLF
andrewedwards,robertharris@example.net,jkItWtXOUn
vsalas,thorntonapril@example.net,laN4UInqlx
whitney78,ledwards@example.com,35--$0ndlT
amy49,plee@example.com,_lPXbL0Xk-
jeffrey44,hannahburns@example.com,F=%vWvrIMI
ann44,berryamy@example.com,@siv3J1M9j
stephanie24,robertsjennifer@example.com,UGF@z6nrMa
vdouglas,ilewis@example.com,YQWQ4Q3rMP
derrick99,johnsantiago@example.net,z9OwYOL!=F
danawilliams,erivera@example.org,PWJYUo+z*x
adampierce,richarddonovan@example.com,_d7A4Li0@r
wsantos,manuel01@example.net,MEGt2Wj59Z
amandasharp,gentrygregory@example.org,&#1*eU&knF
osbornrandy,vlopez@example.com,Tvf+ZQ3nbm
smithashley,hebertmatthew@example.com,HC$%-=C5VY
ismall,znelson@example.org,7#tSd9nL1k
francisco74,alexisrogers@example.com,osSNR6A%9S
gregorychase,gwilcox@example.com,8m45OiMfoc
moralescody,thomasboyle@example.org,RnvF%w_uQ-
patrick74,kevin90@example.com,27DZxx3Ydz
heather01,zparker@example.net,52XaBAJi=n
hannah45,jeffreyanderson@example.org,&xUPz6oH!^
madkins,robert87@example.net,OXYoST6wMk
kathleenbecker,foxallison@example.com,rOpENoxVs$
starkdaniel,ashleyhernandez@example.com,X1r=X2x!&w
nwilson,gdavis@example.com,-v!KrxO5gT
chavezwilliam,jelliott@example.com,b!ryX-#@0!
jennifer64,reesebeth@example.org,14!vk+dCLe
ecooper,michaelcesar@example.com,JC&Kv6+@_$
mitchellhector,katiegood@example.net,o=oI*U*f4*
ybrooks,ykane@example.com,B2nFMe5HSl
vegadorothy,desireebailey@example.org,4pEAS2vrAA
urice,maryavila@example.com,h+S&J&vPLL
inunez,opatel@example.org,=I$mr0hJqq
rreed,sharonhardy@example.org,FsPFY!s=I1
pachecorobert,allencarlos@example.net,W5jlZ$JV6!
griffinemily,sanchezbradley@example.com,Pal6Ti&YB2
amberwebster,taylorvictoria@example.org,B@IPKR_=q+
barbara53,nancy83@example.com,!Rgfm6cpu4
joshua89,conniesimmons@example.com,6a2zqMuJlU
comptonshelly,ufloyd@example.net,GkVvgYND2l
trussell,iwhite@example.com,maB9jqC%4b
melissaturner,lindamelendez@example.net,bRp2q9jDXl
jfaulkner,paulscott@example.com,nnOVMrWrsi
nielsenmelanie,nicholsmaria@example.org,^+bv4SBt04
nicholas99,russojacob@example.net,BlmrpXS2Or
timothybooth,kevin03@example.org,FJkF_KdMA%
burgesskaren,heatherpadilla@example.com,$yYLgE@XoE
andrearowe,powens@example.com,@j^bUOqX+1
jose87,ugarcia@example.com,U*w8jcibHB
robin55,owilliams@example.net,fhY#K#12Zk
allentran,mphillips@example.com,&&tJkNk$At
noahwhitaker,rpierce@example.com,&PYiN3EhFl
kathryn77,yjackson@example.com,3o6hNwpbrb
donaldpayne,sabrinaweaver@example.net,u@S%%HvVqI
warrenmary,landryelizabeth@example.org,pdQ2I^iH=j
otaylor,carloshernandez@example.org,@6$Uh@+vVu
nbrooks,bhopkins@example.org,Gn=oD$afbF
hsmith,amanda40@example.net,f8UXtwe_1C
ldrake,hullalice@example.org,PF1OIj=Vp#
christineking,joseph61@example.com,gwC%fZi7KN
pstevens,kevinclayton@example.org,Pl_6bVzL+M
davisnicholas,abrown@example.net,F7V@z*Fta0
christopherbruce,ariel18@example.org,dD*SbQaWNn
jasonparrish,enelson@example.net,A^E1!hsJlf
rachel90,sarahedwards@example.org,D%0V6km#rY
karenmarquez,thickman@example.org,j+h3qELHOY
ashleyatkinson,patrick21@example.net,PO5IDjzrnt
brian63,petersonkayla@example.net,nv57O0p&TA
unovak,walterskristen@example.com,5N7HpluMfB
jperez,rreynolds@example.net,PslFTY$gMH
nmiller,lauren11@example.com,wdZ5-_Fm7n
normanbowers,jodistewart@example.org,rpbhCqzZVk
smithkyle,kathleen12@example.org,Hjciz4qlQp
ryanhawkins,fgarcia@example.com,f7gv=3Y@dW
carlsonkristen,asmith@example.com,2wTBxJJ5te
hardyanita,ashleyjackson@example.com,FL@0_9hlJX
dominicturner,kthomas@example.com,r1z^F*cWT9
robert71,johnathan37@example.net,*!S+#PXIxd
stephentaylor,rushmartin@example.net,OCdJh8^TDu
vbrock,pcook@example.net,mFEI&hC=XT
kevinmorrison,timothythompson@example.com,wwEOTdT++s
kelly79,markramirez@example.com,+y@*Nw!elh
daniel93,erinpierce@example.net,DCc^9aQzqR
nhahn,ssalinas@example.org,wPhcsso^Uj
ichambers,john26@example.com,VYmRMPru3!
colecarla,sferguson@example.com,Ow-TCwWNLq
gibbsmichael,rodriguezjohn@example.net,wa=Y+exOC+
gabriel90,vrasmussen@example.com,n@sQjESOvl
smithjonathan,seanmyers@example.net,Q5bHAFiSGn
michaeljohnson,phillipssamantha@example.org,agX41v0@WS
guerrajessica,larry73@example.net,*Wm9=Cu5je
gbailey,cbowen@example.com,LcOHnjRvWu
evanslisa,johnsonmatthew@example.org,j_lR9d3v3u
sarahyang,andrearivera@example.com,gmQAy0_*HK
zhall,jacobsandoval@example.com,MEmgY=_!tg
mclaughlinnicole,yvargas@example.org,Ua2lL9zmdA
jamiegoodwin,raylauren@example.net,vLk8oNY8!H
michaelgonzalez,bakermichelle@example.net,l*XxVWVx5f
candice96,baileymegan@example.net,H47HCI+htm
lisamccarthy,samantha91@example.net,kS*0D_hX%1
lawrenceallen,whiteheather@example.net,&8=E8MkYe#
ibarnes,fhenderson@example.net,=%=sp5wvBy
angelaburns,jacobwilkinson@example.net,qf2k3zsHOi
glennstephanie,ytaylor@example.net,lX-Y_PJ%6b
fortiz,cmckinney@example.com,%1o1ts+mn+
christopherjohnson,kellyhill@example.net,mK&S0HX!=8
gary79,hdunn@example.net,ewJZsZeYQE
adamsamy,amber07@example.net,g8IVcRMNJ!
veronicagarcia,kennethkidd@example.com,mDrM4PI1ly
michael17,rowejoel@example.net,4B0!%Vh$ui
michelle96,christinaglover@example.org,N#Zr^+dwyz
hudsonamanda,mariopadilla@example.com,hFe6gUzJV7
stephanie81,sydneyfloyd@example.org,#YpdEV!5w8
michelle22,dustinmorris@example.org,_SSuHlKdXg
kburns,courtney67@example.org,u=BCCAI0$c
powellkara,shawn75@example.net,b8qwbCGNJ2
meltonmelanie,simonstephen@example.net,WS6GB7M%Yn
melissa86,tammysummers@example.com,a$V-KMn9iR
marcus45,ashleewashington@example.com,JPJHMyt%Eh
williamsconnie,ksmith@example.com,ZOrd@LH1ZX
bsmith,wendyblankenship@example.net,e=yRC&8T#M
erik41,john52@example.org,v-xLm8qH-x
ugarrett,rubendavis@example.org,QlCTCN1QVH
lewischristian,aprilwallace@example.org,L7p8gj8y#p
lisa62,yjones@example.org,W^M0gtrzR0
garciamichael,derrick22@example.org,+6sOxk!QwO
bishopfrank,jennifer26@example.net,ha5JAv=u!l
fheath,taylordavid@example.net,q32Z29Xae&
bbell,kylie34@example.net,zVbP^ycaFC
wrightcarolyn,kimberly04@example.org,SNqnX#Nvif
juliephillips,bowerslaura@example.org,ML6%^R3rR!
pcruz,elittle@example.net,TyvZcDCqBc
hatfieldsarah,paulcombs@example.com,#vpUeWG&gg
amy27,smithcarlos@example.com,ncgo14Wp_G
billbrown,ohunter@example.net,8tAbM1m%Ir
zhenderson,davidsonamanda@example.org,1n$pKon@zz
christopher18,terrimoore@example.com,H%zT0Luf_@
wwillis,collinssamuel@example.org,A9QEablo=@
sanchezsandy,chavezchelsea@example.com,tl$jmGD6LH
davidzimmerman,martinstephanie@example.net,7gmwfLUO2o
gary24,wiseanthony@example.com,mfbrvQT4Il
alexandria49,crawfordwilliam@example.org,VRxoZZ6IX9
kvillarreal,eric19@example.net,1voqhun19+
perezwilliam,trevinoalexander@example.org,4xWTdq9!o0
jcox,sarahmathews@example.net,4fiHOb^=+C
pwalker,umoon@example.com,R%%m3F9SXt
duncandavid,whitelinda@example.org,-gbu#8@vj!
djones,kiara45@example.org,PEQJg#C_WZ
msmith,anne49@example.org,Ek64=5l@5O
frichardson,jessicapayne@example.org,p@cnZ0e-_a
adamortiz,amberfields@example.net,lM$-A6RUgC
tapiaaaron,usweeney@example.com,6Q-8U5omCa
harristonya,dvasquez@example.org,RTL_%Vnfv@
christopher38,xhaynes@example.com,r0nGzypYB6
carpenterwilliam,kjones@example.org,yRn1fp56#r
ibates,kellyrosales@example.com,@a^g_39$ww
louis43,hardingderek@example.net,qnXP#X1FJY
moorefrank,hedwards@example.net,RL5rr0$M_O
tami37,steven11@example.org,_BzALSqw#*
margaret90,marymurphy@example.org,PoT-9=1&K2
tanyafoster,byrdjorge@example.org,b%ndWsghzI
cranemelissa,codygarcia@example.org,uKGshLA*eT
smithmaria,davidcolon@example.com,5n-C-XE$Kg
aguilarjonathan,johnsoncaleb@example.net,WX1O_gbGz4
flamb,david70@example.org,CV*zyL5wjx
zunderwood,rjohnson@example.com,w$pWf2J-Hq
michaelodonnell,joshua20@example.net,uGaQ7tftPg
deborahporter,rbrown@example.com,M!=_TjO^Cx
robertday,crystalpham@example.org,%i#u1*&ZlS
wcasey,fstephens@example.com,CBQQULB^8-
paul20,carla04@example.org,boS5EFfPWo
xmoreno,terrigarcia@example.net,XG*Kd%V$$5
josephvelasquez,gallagherstacie@example.net,!fLyP$kmv&
lkelly,joelstewart@example.net,&aiAB2nA&3
robin05,annalopez@example.com,jtd6Qeljgw
gregory01,halljeffery@example.net,G-j=DH0X5Z
nsmith,lindsaypeterson@example.org,3OcXp&aifj
brian29,kimmathis@example.com,T#nLMlK4WY
brookssheri,vwillis@example.com,d8u&CrY*Ls
derek26,lbanks@example.net,MVb_-spfa=
jeffrey92,sparker@example.com,Y&_kNASB0$
gregorysmith,xrosales@example.net,suxCGyox+g
whitelucas,daniellegarcia@example.com,_7_jLiGmz!
markmiller,toni21@example.net,QTqEmKiyO!
sean43,heatherbell@example.org,5QNt++UO2v
williamssamuel,acosta@example.com,aOFC3JUrQ9
ybell,poolekristina@example.net,75TN!_nwkJ
franciscojones,phillipslucas@example.org,r&zHjjc#dZ
petersonpamela,brooke97@example.net,Be_H**8tUY
reynoldsdesiree,gmoore@example.com,CLr7#$lYU#
terriortiz,donna43@example.org,bEv$r5uw++
longandrea,xhernandez@example.org,s9TfC!DiHV
qmiller,bgonzalez@example.org,DfA%UX86ff
daniellerowland,tanthony@example.com,Pn%JH*+wWW
qburns,christopher86@example.org,Uj%GWC%ZTS
nicole52,cwilliams@example.com,!9a#r4vDj$
jeremy49,hernandezheather@example.org,JBtxuUpD1Q
barnettlindsey,larellano@example.org,o999Au0cFf
randallloretta,rsheppard@example.com,q=ur$f=shv
thomasmiller,shawrachel@example.net,Hx%Z+cKkB5
davidtodd,stacyjackson@example.org,89vC0sx$Hv
davidhenderson,oharris@example.org,R6iDWXqncz
luis11,jhawkins@example.com,%#1tmw8e&#
april09,jrodriguez@example.org,pl9q*a3%1V
buckleyanna,floydmikayla@example.com,f^2D9WS=m2
pbaker,earmstrong@example.org,rG9DkK*0Gy
joshuathomas,vwilliams@example.net,aa=%p%aWAO
brandonalvarez,penny05@example.com,0Unt2GH&2+
juan71,dennismccann@example.com,UJYA0_-9wV
joseph69,lopezjason@example.com,--9GN=SYrp
xmalone,robertsonerik@example.com,D5umB$ZR_g
htaylor,thompsonnancy@example.org,uXals83liH
wrightstephen,janet45@example.com,CVkeXZ%Khw
hreid,allentracy@example.com,@4bz%Kye$%
susanwells,max41@example.com,DveUEaulJZ
hughesfrank,mercedesholland@example.net,TYZz%bil_K
josephortiz,hancocktammy@example.net,-SSJCy6Z=a
wellsdavid,carolynsmith@example.com,Hw0#n-j#LR
jennifer46,dyork@example.com,o$G&=G4W+9
stevenbyrd,asilva@example.net,FR66d9oHiW
anna99,kenneth17@example.org,CDO0T%&bHF
vanessa54,diana43@example.org,KlZRj_w8OT
racheltrujillo,rguerrero@example.org,B=Ixy@zEEH
rioswhitney,rebecca66@example.net,ADzFTtnpk@
aguilarwanda,matthewreeves@example.net,a*f9VO@=J!
qknox,william28@example.org,x$JYC=qg^2
connor24,staceylam@example.net,9*e#SYw6p%
walkerjeffrey,robert55@example.com,6ObbAWmPUH
steven17,delacruzbrandy@example.net,x_HEI8RUx@
kennedyjames,dillonpatrick@example.com,2A1VUZJ5x=
jbrown,victoriacooper@example.net,q=DmIE-3Wz
tthomas,kimberlyfreeman@example.net,st8bw1@r%&
lawrencebrown,whill@example.org,O!MG-+gYmu
tracygallagher,andersonryan@example.com,hBG8m5QHUU
epatterson,ismith@example.org,--GSc0pSz=
stephanie58,andrewsmith@example.net,=&wKTP$!5k
jeremywiley,david68@example.net,WK7svR1=Zj
gary04,stephen89@example.net,kuRDOOLIYI
ryan25,mhoward@example.org,4U%50vxcqE
osmith,jasonjohnson@example.net,GkAvYnmi8_
daviddawson,brooksdanielle@example.net,gdY^knHtkX
wheelerbrandon,valdezandrew@example.net,NDFK4qq^vd
butleromar,thomas23@example.net,eTP87*I_4r
turnerdorothy,cindy26@example.org,*w6+3^&NS9
campbellkristen,mgonzalez@example.com,*Dl4NU0HtM
michaelortiz,benjamincrawford@example.org,ba%rSK8&b!
arivera,powersrebecca@example.net,9Mb3LDa_Vy
fhernandez,cummingscraig@example.com,0-3YFuXWCH
stephenmadden,steven12@example.org,k2E%IK&I0y
michael56,daviskatherine@example.org,ixrLo65I!y
christianelizabeth,markkline@example.net,Pctg&cxnKI
natalie15,ian66@example.com,q4bDltb@BR
mary76,danielhorton@example.org,1N@V7eQksh
dalepruitt,rpham@example.com,IYj*8xyGWb
cherylmaxwell,huffmannichole@example.net,pFX4Fez6m%
timothyfreeman,ealexander@example.com,A8XNPuf_%p
alexander89,tiffanysantiago@example.com,G9MzUgBoE3
reynoldsjessica,rreed@example.net,PbvJpYFbf8
jhernandez,smithsarah@example.net,tVlFu@lRhh
kchristian,waltonmalik@example.com,Tt&nq!DO-S
brent38,ppowell@example.org,4ycWTrGf!4
kwallace,fmiller@example.com,-L*!y+x*SP
david70,powellbarry@example.net,7J_ui^t5LH
petersenlatoya,pamela83@example.net,*U6a#WxcUE
xclements,velasquezmegan@example.com,Pi&Xy^@_tK
xmoran,wwilson@example.net,P0Pom%ifqw
aaronkelly,amy51@example.org,ezn!yme=X!
travisunderwood,nrodriguez@example.org,^GgUCjbA!k
davidphelps,stephenharrington@example.net,7hU-1VhI^f
daniel60,bartonshannon@example.net,jMjB%mmD&X
tamarasmith,tranryan@example.net,yy^F+w--1n
xglass,heatherthompson@example.org,=T62nvx_Z#
hughescaroline,william66@example.net,Ru&4TO_PV0
joshuastuart,shawn22@example.com,3PE+*BW_GU
megan85,jamesweber@example.com,55YaeKc%rM
samantha22,jennifer58@example.com,aMCBOcJ_$-
icraig,natalie60@example.net,==tme6TtrH
johnsondustin,gonzalezkaren@example.org,UFDGMl=Z+B
frances20,james80@example.com,jP9w!=mMe=
rgarcia,juliahoffman@example.org,WkhQS31pDb
heather06,ybutler@example.net,WgN^fO*+tP
tammy00,james73@example.net,#CtgY5=#lC
kari89,kimberlybrandt@example.com,3LYsqRk8=g
rthompson,lopezglenn@example.net,_ZHkZ#3qr9
bennettroy,david94@example.org,-z!Y=z-^FF
steven20,sarahcarlson@example.net,jI3P=lo02U
tracy98,charles58@example.org,SyPSdNvS4s
abigailhartman,robertherrera@example.org,4fDzVtkogF
jeffrey35,michael39@example.net,sKbRoN58cQ
wbarajas,wilsonmichael@example.org,A&BA*%H_9s
susanfleming,patrick16@example.com,cW^fGvhKzI
angel85,stucker@example.net,g7biXIUncL
lukemiller,jacksonstephanie@example.net,XDW$mO!&lx
simsjason,michellecoleman@example.org,z#6-cfF^NQ
amandapark,elucas@example.net,!YucSTTME#
andrewlove,millerbrian@example.com,JhGXd-JCtR
andrewsjeremy,rickey76@example.com,YrlW%D1E=t
andre18,maychristine@example.net,2NQ5*qAr*z
haynescharles,robertsgina@example.net,rN^r3s+uOi
campbellsara,qfoster@example.org,-&pxOsdO00
omoore,julierobles@example.net,M4JtynqxdI
susan24,susan08@example.net,+DDDdTk9r#
davidsmith,fmedina@example.com,8VxX!8ruyC
kaitlinberger,jason82@example.org,e0bI0CzAiw
jeffreydavenport,dannylambert@example.net,4!P6F2ZfWO
yorksarah,enewman@example.com,Y=&^e%n56f
kingjames,wlynn@example.org,F%&Yf-X%gy
craigharvey,louishayes@example.net,L4YMK7v2Lg
heather29,lindsey62@example.org,%s75l#ox*r
john36,mary25@example.com,Y0P5dw6z6l
xgriffin,tony12@example.net,GPuplo5Uk^
wilkinsonmichele,patriciagonzalez@example.net,X$uW_WfvQ+
lunapatricia,hessbeth@example.net,tuswg1NN5K
rebeccaarnold,jvaldez@example.com,xpqzaGb6@@
xwalker,dennis88@example.org,*a@EB8604k
acox,melaniedrake@example.net,aF_J-Agxsh
katherinetaylor,haroldfry@example.net,Sese=MQlgn
jillwebb,billy73@example.org,1wuK=-w6Ue
mike03,paul70@example.org,lMPVWi2_iL
dakota84,beth92@example.com,8rpJQ^0^AA
pdiaz,blacknicholas@example.org,hn=^l9K2OH
wgomez,msparks@example.org,^=Tq+@%@@x
scotthall,jason22@example.com,DLyapd7pA1
guerrerorobert,jennifer77@example.com,0fQS-BbzKG
brittanyholland,cjohnson@example.org,iNM#_PaoQR
dennishunt,brianscott@example.org,Y+dwyQR98e
kgreene,johnsjessica@example.com,r9t6&Q70h%
robinsoncatherine,kdillon@example.org,M+O-&cA=QT
yburke,cindydixon@example.org,itJdRW&v=X
sandra99,hallpaul@example.org,xoNOeI0l@E
harrismichele,mserrano@example.org,V5MB^MwoVe
thomasmendez,richamanda@example.org,zl4#d9#tyR
olsondavid,princekimberly@example.net,9^NPsm%qAe
xboyd,wolferoy@example.com,6X%oaNflQ7
zbell,colemanjonathan@example.org,fn%Nc=NAPz
campbellnancy,ascott@example.net,yKJ&O4pItu
lanedavid,brooksjamie@example.com,Job-$nA*S_
qpearson,melissa69@example.com,OIsK=FvjNR
victoria63,jarnold@example.com,*4gqd8gnXg
mitchellpeters,vanessa95@example.net,l2Yw5TNQz&
qfitzgerald,adkinssean@example.net,k7+ql7m6N7
craigromero,lauren90@example.org,8DCsHUYxQP
aoconnell,morrowthomas@example.net,6!di8oS97v
qdavis,nathanlynch@example.net,KS=q$nZnP-
zarias,jennifer90@example.org,jM&7Z0EF_u
mgonzales,james98@example.net,9XiRA33+R*
christinacraig,john02@example.org,Ewj=!o7P-m
kimberly56,hwillis@example.org,4wNZinWP@h
calhounandrea,michael43@example.net,lBrast5&LX
shawnpowell,greenrichard@example.org,=5zAOM+M3S
gordonmatthew,prattsue@example.net,lb$ZqLhV_g
heather69,wcarrillo@example.com,a-ToKdE3YO
lmaldonado,olsonjonathan@example.com,WZW3*Bw8ry
ericahall,robert58@example.net,-XU1tKqrbj
haynesjose,christopher51@example.net,cs!3rkr162
thomasgomez,ian37@example.net,x6$2_5XTCx
jimmyallen,jamie33@example.net,2a=@E#I0*=
eric11,loweelizabeth@example.net,Uee+9Vo9ks
duranamber,charlesnathan@example.com,^J7%k%lF8j
kvillanueva,travis84@example.com,*NgR&b86$8
karenanderson,imendoza@example.org,=Q1TLLveM+
phillip27,wolfesteve@example.net,Hh8v=gLdK!
smithjason,nguyenchloe@example.com,kq#jJGqJJG
amyyoung,vmullen@example.com,bowt5VwHE!
victorclark,michael64@example.com,x^eRkst@0X
ashleykrause,lisale@example.org,E4vA=SgHog
mchase,laurenrodgers@example.com,v7Z8M8&DWX
thompsonvictor,kristen44@example.net,8Hs^3bK5WO
rosshannah,lewisjonathan@example.net,^fm&T3IQII
colematthew,michael84@example.com,mGY7Ey%RxO
jenkinsmichael,barbarasantos@example.net,_bbib0m^n5
tiffanymitchell,emily77@example.org,SCKGyedlhB
daustin,mirandadavidson@example.com,pplqW+xoxG
kwelch,esweeney@example.org,L7j6J2PGuj
matthewedwards,jennifer96@example.com,JhWXQhHHw4
xnorman,lgutierrez@example.org,i!zYw!ns*3
jessicastanley,clarkrandy@example.org,Bn4Hnejj=G
zunigathomas,johnsonrandy@example.org,5c@taeXItQ
bakereric,pparker@example.net,Y=a$!93Zi*
scott22,anthonyalvarado@example.com,CaX9p+&TQM
imcdonald,amy28@example.org,ZhlU&Rk6Lz
owelch,omills@example.net,w_fXyMXnT!
regina78,lindaramos@example.com,k4yreydE!X
tgreen,smithlisa@example.org,i*N@&5ceRh
justin80,earroyo@example.com,RfZpB%6&tD
cannonlauren,laurakelley@example.org,jes!c8fFqb
bkhan,twright@example.net,wgNm6vino@
oclayton,christian38@example.net,Ciz2RZPp=*
justin84,elopez@example.org,rPBfwQipJs
keithwalsh,nnelson@example.com,1vV_v4Ffrm
malikhernandez,lopezcurtis@example.com,Wuc!kaawlK
jenniferacosta,christophersmith@example.org,18qAsI%50E
robert75,cterry@example.com,wex@lMS1a-
bridgesstephanie,adamsphilip@example.net,Eyp^mU*#C7
qwhite,hclayton@example.net,AJgyot8@wu
paulproctor,joanjohnson@example.com,fgUKA3GQ6f
boydtina,tprice@example.com,ng&wud!$oj
crystalwilliams,kingdanielle@example.org,E4P1zPDoPD
paige31,cynthianguyen@example.org,mE0zWCj8!g
brenda63,novakbianca@example.net,3sB6wXVr6y
jbarker,kelli32@example.com,TIzQqe+hJr
parksmatthew,browndeanna@example.net,o761vRCLuv
martinezjesse,linda73@example.org,=_Dl0%!B87
ihoward,rachel77@example.net,Jb2FFP3Ct=
amy73,amymorris@example.com,a1ff8#e2^Y
mikayla98,caseymoore@example.com,9m5@Ek-b0B
amber70,bgross@example.net,qTLElc9Nu6
kimberly35,barrettamber@example.com,=d67rZxV7a
alexandriajimenez,chloemorris@example.net,jXQ^eL2I*=
daniel81,conleydavid@example.org,AkQh$UgoXU
daniellee,duncanmary@example.net,7fUUw-i-Ar
sfox,brandon39@example.net,QE*o9ACPTI
smithsamantha,fhebert@example.com,#2JgiVS5!#
wardjulia,yshort@example.net,^p8&&L5Viy
colonjoseph,navarromary@example.org,6lkYwKjnvJ
susandavis,amandalopez@example.net,os@tA%cL1*
ashleymeza,xreese@example.net,q8S14cLyic
emily61,laurapierce@example.net,D%Q0RP!^_4
diane89,umahoney@example.net,6M+qNvHD9V
megan66,charlene98@example.org,KgsTK6vu&K
vcannon,michael77@example.com,xwtuEofO=q
barbertonya,holmesvictoria@example.com,4HVxA-eOSs
evansjeffrey,andrew48@example.net,V5*u&MpdZ@
clintonstevens,devonrichardson@example.net,s6Ota*#QL8
jesseshepherd,duncanashley@example.org,L=s+4Ro9fr
cummingslaura,tracynolan@example.net,_oNdZC5TlP
larsonkevin,dmiller@example.com,hy^CJzck&5
nichole66,kanejeremy@example.net,l$Yy!O$hUY
walterscrystal,torresblake@example.net,s2VXVbKSSN
markwolfe,brentdennis@example.com,5-lB414Ku2
kmullins,walkerkeith@example.com,1rlsAM8^Qi
davidmiller,kelleyjose@example.com,Wla0I1w-7+
iayala,timothygonzalez@example.com,rzxWL_!fMM
annshea,johnadams@example.com,@-7CdatHM8
gail91,powersrodney@example.com,pK1w!FdpJ@
malikwheeler,carrillogary@example.com,iU9+3H8pV$
chanson,glassjesus@example.net,=cHuhsO7rT
sanchezchristine,mistywilkins@example.org,ugIU1TgLL^
heather14,vruiz@example.org,j$yxmv*POM
jamesmills,ana92@example.net,IUm&Tsbr%K
bennettrebecca,scottbrian@example.org,V!0RunBt#C
brian01,qguerrero@example.net,y-^&_o16jo
michelle04,yhall@example.net,qc9SNUr4%R
mckeetodd,lopezvincent@example.com,wMdpCqsDNq
williamssandra,matthew62@example.org,Aqk2ojc93f
gabrielle54,wendyirwin@example.com,zne$h8pGfi
garrettnatasha,raymondstacy@example.org,MbmpAzxSdl
matthewlong,christopherreyes@example.net,sJSTu#E#+i
robertberry,mwaller@example.com,mb^ByKv&am
ndaniels,biancasutton@example.org,B#8Ux4nxTW
kylethornton,russellstout@example.org,2B$D0oOp7o
lonniegrant,whitemary@example.org,%r@UK-fkP@
cannonnicole,tali@example.com,oXK6N4C_0L
edwin31,jackfarmer@example.net,2yi8Vwb!nY
catherine93,jerryjohnson@example.org,4%kpsYZnvi
manderson,xjoseph@example.org,UzRzZpD2@J
ihenry,jamesjohnson@example.org,IZT8Z!$Js6
stephanie33,carlho@example.com,npG!@Drdmg
dwatts,ronaldparsons@example.net,i@dwWPtMmj
zcortez,meyershannon@example.org,%@7zL@!#H*
aprilfoster,grantzachary@example.net,R**ce3pX5O
leescott,kim47@example.org,W46eew-Mv!
dphillips,stevenlucas@example.org,3rNX!o+!_*
whitebrenda,phillipmorris@example.org,=88-u#hYH@
shawnmosley,nicoledavis@example.com,WTKPhdfqUS
jennifermartinez,mccarthycynthia@example.org,dRWm2ST0Sh
gacosta,nicholasjames@example.org,FFENkiNoRv
ariana22,haroldjoseph@example.com,c&Pe62+$1I
kyle74,davidanderson@example.org,c8cOW=XP=m
deanjohnny,fjimenez@example.net,!mAR@#RvMU
franklintrevor,briannaalvarez@example.com,3z@j&BKHgM
mmiller,sanchezamy@example.net,=ZClmRIi+^
brandonhernandez,benjamin09@example.net,82ASjM#M3*
mark10,butlergregory@example.net,Oz1ZG$6_xc
cheryl99,tammycurry@example.com,%x=@B7I&3+
daviskevin,priscilla16@example.net,h%zU7sEtM3
carterdennis,mark68@example.org,0OiA0IKuGE
cherylrodriguez,webbhaley@example.net,ZEotydFN7!
ronald54,sara99@example.com,-32ezuIrdH
lvasquez,jeanettekrause@example.org,J_wf!chkOM
johnsoncolleen,mclaughlinjared@example.net,i0UlYrEo=#
vgutierrez,ann30@example.net,p%^G@lEpOQ
hannahking,parkerwilliam@example.com,XE2BsnwBJ4
wilsonmathew,nramsey@example.org,0Gh!&VoO*2
jamesbass,zhendricks@example.org,8FJsU8VNce
timothyburton,steven60@example.net,gEG_XNUp&E
annette58,clarkgina@example.com,4XbYGMlEMA
montesjuan,morgannicholas@example.net,u4O0eJk!80
ashleyprice,hancockkaren@example.net,Q2muH#iT1_
crawfordjohn,tgallegos@example.org,P6dgx4raZz
gregory50,robinwallace@example.org,NO=kouF%q0
jstein,matthewwebb@example.net,O59rHwPKzk
kimberly21,jamiejohnson@example.com,1VxYW=Ccc-
smithsarah,cookpamela@example.org,Dl7zHvgZ2H
andrew43,james44@example.net,tlVv+pb^36
kendra14,ericwilson@example.net,@pCAyIK@Wq
clarkmichael,joseph49@example.org,3ABKy1x0sd
charlesaustin,amber02@example.org,LHE5FV6kb8
dberger,reyeschristopher@example.com,rPYBX2Gjm-
janetvance,tjensen@example.com,hgQE8TfaG#
jenniferlambert,beltrankatelyn@example.com,WMYVq-fwHv
christopherlang,tdavis@example.net,#@R7qlO^3s
oruiz,michellejensen@example.com,HoOfq@JU3K
kristina57,timothy24@example.com,HH%O3vO!t-
williamsullivan,nguyendebra@example.com,4gytgDxe8H
amorales,christinekelley@example.com,u73o@f4T-!
njones,bmueller@example.net,6@ospSlAKx
amy32,stevensonjennifer@example.com,v$I+Ba^=x1
vargassteven,shortgregory@example.com,jF@mQdKpYV
georgegina,pmurphy@example.net,nPtdk696Ia
davislisa,shermandonna@example.com,Qf5P+qBgKP
peter97,jamierich@example.com,hj_WlZGwEZ
samantha65,aguilarcheryl@example.net,lcAuXZKtpM
sabbott,woodana@example.org,!3NqTmV$z!
warnerlori,daniel40@example.org,5X8I+2l2Vx
zpark,jennifer66@example.com,32lf$R7Ct@
elainewells,angelabridges@example.com,^^kL73k9Mt
qmoore,dennisjones@example.org,qMF%2L+g_j
jennifertucker,iproctor@example.org,f$n$20m7+G
dawnperry,senglish@example.net,TGk#co7wxY
dhanson,carnold@example.com,fk1MO65HRx
jeremiah69,lanemelanie@example.org,BxkHn3&caY
robert89,arthur09@example.com,obv96Z!MUY
daniel71,jessicafox@example.com,Mlqrbyocyd
hblack,sanchezcrystal@example.net,A9sE3&ylM7
suttonamber,chloe58@example.org,s82covt4!8
egibson,robert44@example.org,c5FzL+YgQb
nealcarla,jessica94@example.org,n31@_Le!Z!
klane,douglaskelly@example.net,$!Dh^c2=O_
mitchellchristopher,yorkjoshua@example.org,iI18o@S53c
joshua40,munozrenee@example.net,uKy8S4D#CR
donnawood,josehaynes@example.com,7qLX1U8uAK
laurenatkins,tracey29@example.org,l9qwzu!m1@
amullins,cyoung@example.net,MEA-gcTHTu
jasonnavarro,brian41@example.org,w#eiR3oDp-
stevenalvarez,wreese@example.net,C!HRTf-It$
noahthornton,hbaker@example.com,ng46onn-f#
robertslaura,hgregory@example.net,nvpAUuL4#@
davisamanda,stephanie69@example.net,mtUQrpz41a
matthew41,destiny67@example.net,F8RK#vkIV1
jessicachapman,aprilbyrd@example.org,UFt^1Dr200
amy01,jenkinsalicia@example.net,6%Ud4sb%ik
ubell,johnathan00@example.net,ROZv3hYet=
brownbrooke,stephanielittle@example.net,h%L1Z_MOSb
millercassandra,pdouglas@example.net,J^sZ5A*4SZ
pauladominguez,kenneth17@example.com,zMke&QXq%*
qschwartz,jonathan14@example.org,KBl$_N%Ruc
dprice,stephanie42@example.com,d*HEM2#ohV
vasquezsarah,fwhite@example.org,H#Tpgp5M=a
amberreynolds,gainesjennifer@example.org,6RE+&DSMK=
jonesashley,kimberly07@example.org,rW%FnP%yU6
fitzpatrickelizabeth,edward56@example.net,ms20klh2q8
robertsonshelby,zmendoza@example.net,B5jV^Z-%YH
fernandezaaron,imartinez@example.com,@24!1us#q!
evelyn60,diazmelissa@example.com,6q$^pB68eu
randallkathleen,deborah28@example.org,-Vp0opV=Lf
tguerrero,omosley@example.net,%tpVNVML!d
tom73,austinjohnson@example.net,ss1gNKBx!a
tracybrown,victor70@example.org,p_Sif19=N+
brian06,lewisdesiree@example.net,5RW8qr#655
ibentley,joycehall@example.org,tPl0XDYR*f
mosstracy,ruizsamantha@example.org,4Jlvd=N-p-
jacquelineanderson,cynthiaconway@example.org,ky*=g+%y8#
lcarr,meyersdaniel@example.com,cp&xcJAF4k
bryanharris,lisa65@example.org,&PZf!cR3x1
marcoconnell,kathrynwatkins@example.com,d^OWGlom*v
martinezdonald,xjackson@example.net,KsxGltN0vh
samuelfrost,andersonkylie@example.net,PxdhMXmOs0
bstrickland,amiller@example.org,PHWpgzEE@$
mannbrittney,robert72@example.org,#XoIhO7_0i
daniellemills,lallen@example.net,9d0DcI_mF-
carlsonjennifer,burtonkimberly@example.com,qM+05k#AsV
psmith,davidmoreno@example.org,*vF&2-5fa7
michelle88,stevensims@example.org,Lvah9IGWSB
brian12,kjimenez@example.net,$Kfu&+iMlY
brownmichael,ryancook@example.com,pr-J3A#ORH
garciabrian,ericjohnson@example.net,5IFPRA6Qcr
jonesjoe,uwatkins@example.com,a8abw0-!Y&
julievillanueva,kimberlynguyen@example.org,kj&d4pTWTX
joankane,evance@example.com,wbp7Vy4bCc
bbrown,javierlynch@example.org,JTylMCD@Ue
dbrooks,crystalcantrell@example.org,J@AazYoJ+#
david90,derek77@example.com,@v_y++wiqi
kathleenrobinson,cassandra92@example.net,qH+D%Jyc&G
christophervincent,natkins@example.net,-6a2gP30Jp
rhood,blairjill@example.org,%7@U%fCgJ1
markriley,robinvillanueva@example.com,&5OaYyQk=d
williamsthomas,simmonsphillip@example.net,C2jFzvQNim
chavezjohn,steelerichard@example.org,d93dQGFn8E
michaelallen,smithelizabeth@example.org,RgQ%Ej4m5p
vhodge,braysteven@example.org,kheWOiqh4h
xlopez,apadilla@example.net,M3inh-gLWZ
cruzhannah,phillipskaren@example.net,m0Db6X72mR
kristinmiller,jill08@example.net,d6%Qynnbiy
pamela16,steven05@example.com,=q$GT194xF
deborahbush,devonrogers@example.net,rfhqN3$TN*
banksjo,karenhodges@example.com,ss8NRLVb%s
rachael86,brian55@example.com,hE#-g2Szzz
hmason,rmckinney@example.net,iRy87Q+QM1
shannon51,patriciaellis@example.org,Qun6f@CaCD
shurst,rodriguezjoshua@example.net,7BE9QWAZxa
tylergolden,cartertara@example.net,UbjTd-osL4
thomasfisher,carterbryan@example.org,yUfdzzKwCH
robert55,swatkins@example.net,wR_FwzcwHm
kellis,rachelparker@example.com,crWoRAN6EV
toddarellano,hernandezjustin@example.org,Vv^3ipsqyy
jennifermitchell,maryschwartz@example.net,&WVO2Ffy&L
evanwilson,autumn74@example.com,tPFgJq$!Ak
jamiemann,tiffany25@example.com,8iv$X$V@%7
amandamartinez,sullivanvictor@example.org,wPV^9@8IZe
jreilly,cordovaamy@example.net,ACz5EYBN2W
deborah47,tara92@example.net,=uVG_krkL4
hmorgan,imccullough@example.net,%TDf7$R257
parkerrichard,seandavis@example.org,30V@OIWdw4
brandywalker,james18@example.com,DHjTkL#$*k
daughertypreston,mstewart@example.net,JDmpjUe*zQ
kerrmichael,jenniferpatterson@example.com,zQGMJyr*Hb
alexander55,tiffany81@example.org,MKSZZb8$tY
afigueroa,zroberts@example.net,DDA8D%_77R
achandler,maryharper@example.org,kOy21A45-d
kevinmcneil,carl96@example.org,Vr=qNb@TRC
ortizrobin,dthompson@example.net,12Z&MPc+er
jamescollier,angela04@example.net,tQ+=YWAYi&
troy73,moodyeric@example.com,Xy8nQ+5Mlv
qmartinez,robert73@example.org,n_we!dxziX
hubbardtrevor,georgemichael@example.com,KADL^i6hV%
ooneill,hmccann@example.com,bvP0Yuoq&1
brucefrancisco,thomassteven@example.net,9iXAqAN38u
michaelbrown,robert50@example.com,=Nz#6Jzas5
alyssa18,katiewhite@example.org,iZF^Q+!67=
amybrennan,joseph51@example.net,flK6SMYw1F
madeline02,nathan76@example.com,w36Xx+mYfE
curtismoore,mariepope@example.net,uJ&LiB@0_p
butlersabrina,fuentessandra@example.com,Vjn#P05vGA
larry52,mpreston@example.net,#f7dj7WRZy
gerald40,walkermelissa@example.org,YebGorP7!7
kyleclark,colemankathryn@example.org,ik_F4r8Juv
smithtodd,gwilliams@example.org,cmwLp&Yvjb
harrisonrebekah,joneselizabeth@example.org,It4TwBe&B4
morajamie,jackbell@example.org,g%nXN4gagW
meghanmcmahon,michael89@example.org,zFVEzlc1db
garciabelinda,ricejennifer@example.com,RyiCmvvf1$
rachelmedina,glasssamantha@example.net,nPP-yA*Y2p
lrichardson,scottrosario@example.org,DBnTPwbZOb
tina63,rickjuarez@example.com,XB6CiJVfiB
owensapril,tfarmer@example.com,0M@n&+vGmP
millertristan,mcampbell@example.net,XrQwO9iQc5
gloria73,broberts@example.org,W$D#bDcpNE
jacobsonleah,harry71@example.com,2FkhrV@Lzt
rmills,wilsonralph@example.net,WAeE4QrJOf
figueroapatricia,calvinhester@example.com,%1KdDQRFA*
brookeewing,hallroger@example.com,gFCW%Px4ai
kathy99,katelyn65@example.com,!iygsAqlw_
garcher,dylan71@example.org,AE#k27NvzF
tracy32,garciabrian@example.org,2wFMK=5zI9
lgregory,ujacobs@example.org,kUYWv842#3
christy11,msparks@example.com,t9cW2kM&t_
qhenry,lisa88@example.org,wGW7N6KW-9
ewingnicole,reyesleonard@example.com,jQr8ztyab#
cstevens,angeladalton@example.com,V!Z1YVX!Nj
travistaylor,hfreeman@example.net,0epX+uy3GS
rkeller,kalvarez@example.net,$!VhX2FF9e
myerstroy,wjensen@example.com,UdsH6sGFub
bryan90,marybailey@example.net,olXYk%y2v2
hubbardcolleen,wdavis@example.com,GM#&WN0ln=
qbell,johnwong@example.net,SsIAYNav!a
lozanocameron,danny20@example.net,mi1^1K3vwV
benjamin69,sadams@example.com,xrz!x#o5+B
odomnicholas,gmorris@example.com,xzhxyH04nv
vazquezjamie,wshaw@example.net,kLkWpJiRdE
garrett45,karlwilliams@example.net,9!mbhIafmB
nballard,robbinsbelinda@example.net,%aW%I!8R2R
joshua98,wsimmons@example.org,VROEUZWhTQ
william46,james64@example.net,ma6Zrdp^JF
jpowers,nicoleburton@example.net,V58$0yaPcU
barbaralewis,oadams@example.net,fP4D!ZkS28
umichael,boydmichael@example.org,mXLys%=#eq
edwardjennings,megan65@example.org,@lM_7v5o9*
meghanadams,debbie49@example.org,EFBvln3duP
jallen,anthonyrobles@example.com,XJCG8pr&!l
bwashington,clucas@example.org,QC=iRWW-3D
josephjohnson,donna20@example.net,CHoLlolRyo
dcasey,edwardskenneth@example.org,=VqOW=aNh&
qmosley,sandersmary@example.org,yX2OUq%CnY
danielnavarro,boydmaria@example.net,b&6OsLC@6s
tyler13,mejialawrence@example.net,KseON#pJ=9
vshaffer,selenarobinson@example.org,B@LWhQtACg
jasonhill,lking@example.org,w!YMuc_YR2
sferguson,stewartrodney@example.net,8SYYj^KKy_
sylviasuarez,michaelbaldwin@example.com,YmqPgM6u=r
brewerrebecca,skinnereileen@example.org,49LsABzbU=
johnnycruz,rebecca18@example.org,nsW2vhmT8w
zprice,kevin34@example.org,gp$R3tZFep
ruthwelch,rmccormick@example.org,EY!MwWl7WJ
aruiz,jennifer12@example.net,4Vbpokp!$C
william56,shawn00@example.net,c==9JmxX93
crystalgibbs,aarongonzalez@example.com,M=qmPi&xZc
barbara12,zacharybooker@example.net,Y-&^!i%&pA
melaniejennings,shannon24@example.org,pxxa-5Opfq
lauren31,zrichardson@example.com,=Aul-Gekp#
andrewjohnson,rebeccamccann@example.org,MU*v2aFMf%
jacqueline20,mwilliamson@example.com,L&4r=!O%T&
christopherrichardson,smithalicia@example.com,$AmfEeysMB
twilson,jamesatkins@example.com,r_BTJq2j_G
julie62,mgates@example.org,HWuZ6kG2s&
jessica36,rickythomas@example.com,AjIyV+$u1t
joe73,brandi71@example.org,O3WdFjIp&o
uanderson,tmcdaniel@example.com,_0iQlUQIsC
davisbrian,sarah75@example.net,JbmWCWnpw^
smithwilliam,zturner@example.net,N!m^S=K_Im
david80,jorgegordon@example.com,gvOXxS&_Z9
hthomas,bradley27@example.com,qHb$tqsW+I
sara44,zachary62@example.com,gVF16x4T7#
jgallagher,jbrown@example.org,KJ2%DNlN0O
isaacharrison,janicegraham@example.com,lkjElv=hkK
alexandervanessa,hellis@example.net,_@b2$r9@$&
daviddavis,henry28@example.com,pZbya2&SF^
brandybonilla,robertjones@example.com,f5v^CwjUr$
clayanthony,longbrittany@example.org,Tg2@WvVoRF
eric17,rgibson@example.net,*pLM9LHBa+
riverabradley,unguyen@example.net,YBN$e7!hTa
jasonwilliams,marcus01@example.net,6QMTnaSxZT
johnwise,ndavis@example.org,bm3!zk^$t0
schan,davidhenry@example.com,p!atGC8YVM
rebecca92,elizabeth58@example.org,U2x&In44ur
ygriffin,madams@example.com,T3aTzoyKfr
avilalisa,ryansimmons@example.org,Y1Qeuz9Ip1
teresa32,prose@example.net,!_@qPZ#Xqo
robertssamuel,ievans@example.net,ncqtS#bEgR
mckenzie86,ashley81@example.org,2b39LK!k2F
dixonrobert,kguerrero@example.com,t$xFJoHF2z
jonathan18,wilsondorothy@example.org,8n#xytDpqZ
meganwilliams,tmcdowell@example.com,eJys2czlgW
ctodd,matthew23@example.org,0^NDCR29h$
burgesscassandra,hamiltonandrew@example.com,2gMoIUJS1F
smithdiana,qholt@example.net,OgxfagPBK8
nturner,hannah64@example.org,Jm3xG!UQMo
dereklee,hortonjacob@example.org,mb_qQUU^VE
timothythomas,ryangarrett@example.net,JAXlnqpfyy
christophercarrillo,thomasjohnson@example.org,5mj*RM8z&t
joannewallace,cruiz@example.net,fqy1_G-SU5
jameshudson,awilliams@example.org,p3i91^#cvJ
fpetty,benjamin67@example.net,qLf+hyY@&$
dhall,hendersonleslie@example.org,jv4$X-XZIA
patricia67,simpsonsheila@example.com,xau=Bb$6#^
bterry,keithlee@example.com,HMCLI_pvCf
ohall,sandra72@example.com,&ELfsJrIgF
rmoyer,laura29@example.org,A&oaSVPk_H
hannah17,glenmoore@example.com,r0LPhbTCJw
leonsherry,ntorres@example.net,Gc&nWG_A4C
kiddmichael,michael22@example.net,PIAYt5D3Vs
romanmatthew,williamsondavid@example.org,9l@x6xwy+!
vscott,kayla84@example.org,xKcNuwYyis
mccarthysara,wlloyd@example.org,j2F6Zm^rbm
harringtonchelsea,colonbobby@example.org,WXcobfqFkI
crystalpitts,eric47@example.net,sbbn*Rkzr9
goconnor,deborahcook@example.org,+4uNQ9tFh*
allisonscott,ahammond@example.org,I*pcfn*Ln$
gpeterson,christopherwatson@example.com,1saCdD2XsT
crystal32,icobb@example.com,KCXo!voCnK
dhardin,sherry72@example.org,TjQpUkftw2
millerleroy,ryanlong@example.org,^Qx2tMKSnI
rachelbrown,robert84@example.net,@VHjatsOsX
regina04,isabellagriffin@example.org,59io=2JslP
zterry,trowe@example.org,qxXTO@290Q
medinapeter,abigailfernandez@example.org,rFX1_@&&@&
huntlarry,katherine20@example.org,&DXk1^=ClE
john46,dennismckenzie@example.com,UaAcU-8roh
david17,ashley07@example.com,SUrL6s_1FA
lindazhang,michaelmitchell@example.net,ChrpsWd2Vg
jenniferstone,danielblack@example.org,nj9udsUskF
shawn26,thomasgriffin@example.com,jb+1tx8r^M
hchapman,lwiggins@example.com,80R4bKothe
sbarajas,adennis@example.org,w#ubY26_H=
williamwashington,tanderson@example.net,#ND2uIl%Wq
bensonstanley,francissherry@example.com,BZhCYx-j79
guzmanricky,woodkeith@example.net,OZWvgV2yIn
davidtorres,kevin70@example.org,njUQdEKu*n
kristenfisher,pamela32@example.net,iBbNy_zeEI
jsmith,carlos06@example.com,k++f+9fgOl
ariel56,mdavenport@example.org,NbTKY#yOYT
williammurray,jcontreras@example.net,qmQ0#m#tdW
christopher99,zhughes@example.com,9eLut7klDB
rubiopamela,debbie20@example.net,su#%%R5qRL
ann18,leechristine@example.net,U3fXEAjt+@
bernardaimee,bshaw@example.org,mbsN_l@m6O
suzannehill,johnthornton@example.net,vLuiJ=UTlj
imiller,richard07@example.org,w6H8G4rp+!
samuel60,patrick11@example.org,fUKZ0q4U$O
justinwhite,moorestephanie@example.net,Vk0#5HfhF-
brianwoodward,anthonybrown@example.com,btnLWu+ZjC
floresrobert,jonathan10@example.org,X7lS77&7nk
karenwillis,gromero@example.com,xnY3zZQiOR
adamslucas,bjones@example.com,!B8oJ6e*t8
robinsmith,sanchezangela@example.org,sBO+eWhU38
ashley71,kristathomas@example.net,BgBc2IGwks
kimberlymedina,jali@example.com,iJZkM51^BH
smithsteven,denise20@example.org,xgl2RMvzS1
qnelson,okidd@example.org,98&u3T=Xb-
brandon89,turnerrandall@example.org,zjsPObt6s@
jessicalutz,gclark@example.com,Oo0H%a5q5m
cynthia74,eileenmorris@example.org,eBy1*vWBSA
vhaley,sloandennis@example.org,y=bVUcMN#p
asmith,robertwoodard@example.net,@600TT*2%Q
ifarmer,cobbdebra@example.org,ow62Vw_u*3
staffordlisa,wchambers@example.com,WK3Kmlnlc0
paul01,mwood@example.com,n@*m4#eL1B
walkerandrew,erin53@example.org,C6_Woz8pS7
lindsey33,ccoffey@example.com,0YaVC#KIHN
tconway,adrianjoyce@example.net,1Ea1ebdtV%
rrodriguez,mjackson@example.net,OQv=3E-YyY
cameronanderson,andersonsarah@example.org,g=2qXwZO%u
james08,erin70@example.com,3Dmq#p=YH_
nashmarcus,rhill@example.net,uPAlld3btd
hsimpson,stephensonjeffrey@example.com,*k=Wdq6TxE
upatel,myersmatthew@example.net,CMy&FWHgJk
mooneyjeremiah,prosario@example.org,scno6pnsKH
markbrown,johnsonryan@example.org,xlj@UAYm!c
mary31,vallen@example.org,0j!jA1WO5u
april31,oduran@example.com,xMbw+epRS9
millerbruce,bennettpamela@example.net,*au%Gpyd&c
pattonbryan,nbrown@example.net,%$tBUoBdPr
rjones,hansenkenneth@example.com,CkqIJ9zlS_
wdavis,mhall@example.net,L7@3$ZyGwz
chavezsteven,nhobbs@example.org,JYnNvA!352
debra07,briana11@example.org,IOnX2z+TVi
watkinsmary,danascott@example.com,5ve$G0L^TY
chardy,johnrobles@example.org,doxP2xTFjB
larrygraham,larry82@example.org,VVsOpbObQB
vparker,miguel08@example.net,7+PD-iXKB^
brianhunter,hendersonjames@example.org,Bn-Jj=13OO
kristenpeterson,dneal@example.net,zzg@@fJ1pp
melissa95,robert21@example.com,5vPXE=cKc=
crawfordsamantha,heatherowens@example.org,a7KqZe&^fR
timothytate,lindsay63@example.com,ci8m1MJOSZ
margaretsmith,jonesanthony@example.org,k-O@gYM6@p
kellylee,bradley03@example.org,VndCgbrnP3
grant42,melanie32@example.org,CvlyV&agHf
thompsonjose,smitherica@example.com,ogMjHQWIvr
morganjason,zallen@example.com,6pqOs05p%^
shelleyrowland,ejohns@example.org,E=9!JP9ClH
nicoleanderson,jamesgray@example.com,LkT-FAjj@h
carol30,melissaphillips@example.org,BbB7Xy!nRA
john42,fclark@example.com,^$ON6t#nqC
jacksonpaul,victor72@example.com,UX5$zZyiJ2
alicia77,zadams@example.net,vN=ns7noEc
clarkpatricia,zroy@example.org,6xId8^5THp
ronald69,selenabrooks@example.net,_kT3BtY#3$
taylorchristopher,ostone@example.net,Qg4IVmgW2y
marshallchristine,bhayes@example.com,LyZwJ^@%3n
linda54,deanna51@example.com,gFoCoge=IE
hartmansara,wilsonmichael@example.net,i&mJCZYYmC
matthewleonard,kevin43@example.net,I@AvASKKam
yeseniagoodwin,alan44@example.com,x#9NEvOivx
lbautista,kennedywilliam@example.org,Q6sb82QcwH
uperez,thomasblack@example.net,jvbT8a!F8o
dsharp,latoya53@example.com,fc+LD^#vsm
cclark,brooksbarbara@example.org,mMQ5!S*G!G
sherry07,matthew66@example.net,U6bTMQ%9oI
sfarmer,mark09@example.org,%cs0CsT@dF
ericcisneros,ashley99@example.net,=3UAlyWnJ*
nbaird,ybrown@example.org,5^wHSQY1JN
krodriguez,tfowler@example.org,yf%Rp36+SK
damontran,serranocarrie@example.org,ob@s7t%L-u
jamespruitt,ocampbell@example.com,M!KiLb6fBK
gibsonmiguel,jacksonmichele@example.com,pg!Na3TagG
hmoore,amandamendoza@example.org,rSK#-tlIsz
nfriedman,monicacollins@example.net,3kLCe8TFX2
kmoore,briana87@example.com,ZmHMNw+3Pr
adrianthomas,summerscassidy@example.org,zGr1_zMNkM
renee77,vjohnston@example.org,+7*xW3mr^4
debbie75,peter26@example.org,O#T7T27107
rachelquinn,qcruz@example.org,d-d1lrMF$V
longsonya,nicolemoore@example.net,q*+LgYqZa7
elizabeth13,wjenkins@example.net,%6gkhInQmL
carneycharles,gordonkimberly@example.com,+9Qhp$gA%s
nmartin,murraycharles@example.net,-@rCtMNa!z
vjames,zfoley@example.org,oiatp%mFAn
kingjenna,markgoodman@example.com,8d#4YhpMZ9
jjones,jenniferkim@example.com,xE*H4p3scx
mckenzie20,thompsondavid@example.net,sEv$*z89LL
qjackson,byrderic@example.com,m@VJYXn712
jayjohnson,scottwilliams@example.net,sdK6p+XbMe
myerskyle,georgebrandon@example.com,4fTr76JbuT
sarahbrooks,jamessmith@example.org,##AS^X$iwt
rogersjames,walkernicole@example.net,T+R6rJMYi9
ochoamarcus,colleenvilla@example.com,W8x=#^HqPS
nmartinez,kellyglenn@example.com,ZifduDmn@8
alexander37,cameronbriggs@example.net,PDEnwX1ihG
bradley36,katrina71@example.net,oej4VdwPn5
johnathandavis,tina62@example.com,Wr=-zzG!4K
cynthiahenson,tiffany71@example.com,Czu3^yldmA
franklinbrenda,vdixon@example.org,eraU0+*jRx
hallchristina,parkerjoann@example.org,^@yA=8#TT-
brownnicholas,james63@example.net,ri42Wj+kq%
youngjessica,vstevenson@example.org,Mmp@Dg*QcC
lonnie08,swong@example.org,LGXTiuKj&=
melanierivera,jamiebrown@example.net,E%#NZh*o8H
lauriehorton,cathyjames@example.com,deR1HzQhrA
scottsmith,mjones@example.org,_QhE@j+eSj
shawnamartinez,brittanyguerra@example.org,1k_9qIfne@
williamsimmons,ucollins@example.org,#CS39MDchd
rogerobrien,justin73@example.com,z&Wc_9gXWq
xmiller,egray@example.com,32_ro4pVTy
vwagner,ywolf@example.com,R3hEDlbD0&
gillronald,blakesandra@example.net,+fbFhjhq4x
angelathompson,dford@example.com,KfOSFLqY9p
ehart,cookjennifer@example.org,jjG*A@TC4M
sabrinasmith,travis66@example.net,U_LF^IO*#n
patrick49,ortizbenjamin@example.org,gS0!JkAr%D
kfrederick,kathrynkrueger@example.net,N_ApVseE46
william75,curtissara@example.net,oc@eIJXMkh
johnjohnson,crystal02@example.com,JX@cWX4fCA
jblackburn,john92@example.org,Wx3&gNe*Sd
wisedawn,lsanders@example.org,RHBdR32hn_
nancymartin,tking@example.net,XK&72=+%Hu
uwillis,ugoodwin@example.org,W7EqbJJkF*
fieldskimberly,lisa43@example.net,LR=YeJUIGb
ahale,lisasmith@example.org,pN+PHw47c4
pwarren,jessica22@example.com,b7eT9-B0hk
janegonzalez,waynerodriguez@example.net,J_Oi4xHJH@
jacobbrown,lisalee@example.com,qDwsgDoex#
nsims,oneillgabriel@example.com,4Of_DhHGcT
grayjoshua,anthony37@example.com,*fESnj#4o$
smithjoseph,ortegakristina@example.org,jEAP=V1j2K
clarklatoya,wmorrison@example.com,sdPUQ0V8Ld
vkennedy,rrogers@example.com,uVfLtdnBO$
lisa56,wbishop@example.com,$SBWetWkjC
smithmonica,ihardy@example.org,+#=_1&p^g8
meltonjoshua,miguelmontgomery@example.net,^%4OIy=LFQ
qrobertson,aaronlittle@example.com,FUD6OoE40U
schultzmorgan,erica39@example.com,kT-#jU9D51
ystevenson,baileysheila@example.com,D+q&F0rHKR
navarrokelly,jenniferkane@example.net,Opk01#s=@z
andersonlaura,marisa87@example.org,x6bvp1H_8m
efriedman,johnjackson@example.net,qe3dvjq$^X
garciavictoria,martinsarah@example.com,2TqZ-ELpRR
jeffrey47,wadesandra@example.net,nfjT5053L9
sdavis,monica99@example.org,rx$ktaV6WP
nicholas68,ostokes@example.com,4w$JmDM@Rg
carterdaniel,joy31@example.net,+%^$2KPXOw
david56,collinsbrittany@example.org,sfA3%J=OmS
uwhitney,lauren28@example.net,KvpKJ!4CvK
danielsmith,sstewart@example.org,HnDJsmA_$v
jfrazier,dustin09@example.com,df*&ya!dVA
wayne14,nwelch@example.com,K=24%q6Lop
janet60,eric33@example.net,43@HlrJoTk
leblanckimberly,tluna@example.net,CjPu#QJ6$j
vickiekelley,roberto75@example.com,Oe3m%Oy-eb
ujones,justin38@example.com,FrWCzH8t!x
andersonkaren,hornjenna@example.com,@Kqzl%Ba3i
barbararamos,jcarter@example.org,!-Awe1HWES
lindagonzalez,coxmelissa@example.org,9^xMDL!!YT
nicholasmcgrath,saradavis@example.com,*9LmCoK15P
sierrawilson,brittney26@example.org,F2ow7OoSYq
wilsonrandy,hailey26@example.net,9!0EdLI#B0
stricklandmichelle,phill@example.com,h-PHO0Y42Z
alexander11,burnselizabeth@example.net,HgI!CRfN50
andrewberry,vhill@example.org,C=v&AoQq*c
patrickcooke,ievans@example.org,cWlQT_ig%A
bryan82,bhess@example.com,U&zu&YDLuV
lbrown,molinajared@example.net,Q0B_Fbec^n
whitecarol,adamwest@example.com,#Y!fuKMdDF
williamsbailey,christopherscott@example.org,eIpWZqIkjj
whitneywilliam,tammy26@example.net,#1cb*tmYyN
wrightbrandon,donna72@example.net,P2$cMJ6zmH
hneal,catherine83@example.net,=8WL2lC0-J
batesbradley,lopezkevin@example.org,9K&#FWc@YV
carrierobinson,joshua96@example.org,*n5C=dYD5V
jorge26,qmiller@example.net,9+nNQskm-v
jbentley,chadoconnor@example.net,A!FksZ8%+D
jenniferelliott,roberthernandez@example.com,h@G0NRteP+
mjohnson,chrismartinez@example.org,0aIA-!*@OE
ojones,coxmatthew@example.com,P79$-kn2jW
mistyperez,garciatiffany@example.org,qbu%pvz4oe
ylynn,thompsonjessica@example.com,2@v^!r_1Zb
andrea91,jacksonstacey@example.com,Lp3LI%PV+v
michaelfigueroa,iwoods@example.com,sL%AV%G87A
parksjennifer,douglasbradley@example.com,Qrv^8bO1wt
sellersdanielle,jasmine39@example.com,8iaNyzm&6Q
wwhite,rshaw@example.com,mh7uiS-CSb
kevinhodge,richard51@example.net,yJK2NVZG-*
jonesjohn,martinbrian@example.net,zjtnBJwH+n
angela70,urhodes@example.org,q%XQ=J8Ava
rjimenez,sullivanchristina@example.net,DBlssv8aPj
kleinjacqueline,john89@example.org,gr$428PM#p
roconnell,gregoryrichardson@example.org,E-YWX8TN%O
stephanie67,hjackson@example.com,^kBvJs3-4!
marierosales,robertstimothy@example.com,Gp-3SwdU7S
aaronwelch,trobinson@example.net,2B-yWVwbz4
wallspatricia,wmurphy@example.org,U^yaNQmVG#
baileyjennifer,ggomez@example.com,bIeJ9YfGJh
hgonzalez,robertgentry@example.org,=d86!w8*ne
kaylawright,tfoster@example.com,Vdtwqk1ph4
imcclain,daniel77@example.org,hOm*JycQOv
michaelhamilton,nicole31@example.org,U%bZ1hiy#s
billy66,rachel23@example.com,Ikw4fJz#0w
david78,tmarsh@example.org,aNJ-SpR7+l
karen68,ganderson@example.org,+7lolxlxOc
ericporter,brettgallegos@example.com,vbBV6kFNyq
hamiltonkeith,bmiller@example.org,NgWKwJr+O0
jessicalopez,katie43@example.net,CyIzwLH4Hl
tgonzalez,hayneswayne@example.org,!TUS%5veXt
victoriagarza,jeromeanderson@example.org,&+A3SKAR#_
veronica26,jensenchristopher@example.org,Il$AHB7Heo
jeffreysimmons,hicksdawn@example.com,%x8r7PV+We
adamsjuan,jennifer35@example.org,PnTbu18QRm
blakewilliams,jason74@example.net,xTNu7*xc46
jordanjohnny,tcox@example.org,=3Z8FGVR9Z
caldwellfelicia,markfigueroa@example.com,MfD#n12I=Z
john43,gmiller@example.org,du$vM^z+rq
williamstanya,jamesgriffin@example.org,QglNsS6Yv6
mcmahonchristine,jessica38@example.net,aszwMNkxEA
bradleylee,patricia85@example.com,3lFt-Va9uS
hsoto,ajones@example.net,m8_YB8W7Fm
jacksonjoshua,keithsosa@example.org,XqOrZPK2Y&
joysanders,martinkaren@example.com,jS!dCwEVUR
rmorales,jackmoore@example.org,#aYjDr@yfB
suarezkrystal,ugordon@example.net,M3lRXx2tKN
kevin34,andrea23@example.org,X9eH1wuY%n
kellybowman,sara40@example.net,7kSmZbuOq=
veronicaclark,smithmichael@example.net,#X6b!Z2gM2
mark84,rickycarr@example.com,Ho5#V8Q&Uo
garrettalex,jeffrey42@example.com,w2&XktaRHz
medinatiffany,sharphailey@example.net,$63g7Kfp!6
molly98,lisawalker@example.com,UgVG2RLd*I
bonniemorton,omoore@example.net,wLT1c5PMeo
erichardson,crawfordstephen@example.org,Te&YFwk&mq
ashleyharding,deborahsmith@example.org,s@3JS6F^+6
lisamcdaniel,chadjones@example.org,fjPVesmW$k
zstout,ramseyderrick@example.org,RM2ZcxGk3o
grayandrew,hinesdeanna@example.org,y=HM$*FgV=
johnmiller,sheenagreene@example.org,8B3JxJ#fZx
danielsloretta,harristimothy@example.net,KIa0Ac1qJI
tochoa,timothy30@example.net,7OmCCcPCiK
courtney10,garciakenneth@example.net,61Q*X8-bRR
othomas,perezpaul@example.com,OS4t7@A&vX
jeremiah61,hjackson@example.org,GZe=k!-SkA
huberjuan,gilbertdavid@example.org,^VMLO57dtv
munozgregory,carol62@example.net,T+31cK-!EW
colleen45,nelsonvictor@example.com,&qWpmYBBo=
lisa10,kimberlythomas@example.org,LwuZ_0TB1J
hbriggs,rmoyer@example.org,OUnO#&&YCZ
morrisdavid,fgomez@example.com,@7K5uwZKa&
asteele,devon36@example.com,Q7wmX110yd
fryan,patrickcarpenter@example.com,Cr#k=0cPFv
jacquelineyoung,harrismelissa@example.com,+8lVcX_$yu
hrosario,pruittmichael@example.org,6VEw8zPqLi
steven86,jasonwalker@example.net,dA=76F4Ew7
daviddominguez,nicholasjohnson@example.com,#oQuF7iae0
brian19,woodsbrittney@example.org,%8Xj1H&p&d
thomasdonald,chriscarroll@example.com,49hLYfUZ$4
kathyharrison,kaitlinhale@example.com,2pnsHovU0R
vjenkins,sharrington@example.org,sF9AHmQj6!
daniel00,wesleysmith@example.com,FHRL4Q5H+J
qspencer,jenna62@example.com,ers%KdCV+U
boydtiffany,juliamorales@example.org,LNu+N84Ltq
philipcarson,velasqueztaylor@example.com,sLXGDdBMsb
kwilcox,prattdeborah@example.org,HU$%Z9vSt#
daniel15,anthony42@example.net,O%VW!v^9w9
jonescarla,jacob30@example.org,WbiRCNACtJ
elliottkristy,williamschristopher@example.com,pzT@6+b^Dz
hooperkaren,uporter@example.com,UeZmQ#iI_&
terri15,gmosley@example.org,&kh5+%FFGx
andrewflynn,cwillis@example.com,FD6wfI_Jly
edwardford,cisnerosjesse@example.org,iq%MhADF97
kaylamartin,seth25@example.com,m&gOjz9o4k
cindy60,nallen@example.net,8zm*B!M+b3
rubioashley,adavis@example.org,o4y6aG0I@w
amy17,gibsongeoffrey@example.com,Q#9$KMH&FR
carlosray,christopher27@example.com,J-#N4ox!aO
wgood,isantos@example.org,$8@uwi3Mm4
swilliams,nortiz@example.net,R&xynDBN#N
scotthunt,nathaniel68@example.com,O^8nMA=tPu
natalie09,figueroajohn@example.net,yYvuuP%81I
mooredaniel,zmoore@example.org,DH8MVsNQTO
paulford,baileytaylor@example.net,5N2+Y1aZh0
lrodriguez,lowerysandra@example.com,Tr6JczAGLV
richardbrown,wendy73@example.net,dP2WP--zB#
dwilson,gardnerstacy@example.org,4JnjFuP98f
lukejohnson,zbrown@example.com,X!FJWhmhRJ
nirwin,lewisandrew@example.net,&V4Ko8rjP0
christopherjones,tmiller@example.com,ttM=z-l4FP
qwarren,jack01@example.com,=*H-^LcriO
tabitha42,michaelbarnes@example.com,U5BxP7D6UQ
tammykim,jmorrow@example.net,zHGcrp02Y!
christiancontreras,mariodowns@example.net,g^h$Vc+3e#
alexis72,hlin@example.net,P&!K=Qij+l
ubaker,mcneilsherry@example.org,-o&u$l=7yj
lfowler,johnsonjulie@example.org,3J75tQjx=R
xhorton,carolynrobinson@example.org,6^3cZ=LaXc
teresaray,woodmichael@example.com,bCP2tHCP&6
wayne17,wgutierrez@example.com,z=T=tysANx
wmills,daniel27@example.com,md&fq*SiPO
gregory92,qjames@example.net,DAzMu2IDBT
swalters,cowanlinda@example.org,dr4pWd4AWg
bankschristina,vgarcia@example.net,54ZzAWplw#
schultzwesley,contrerasmelissa@example.org,%puAp!TO1y
kimberlyarnold,gonzalezterrence@example.org,Al#U9G$o6c
tammy76,xsmith@example.org,aW1ZmTUNi3
joseph44,anunez@example.com,MDkX8cJPfs
smitheric,mary89@example.com,Fw+bq%tr8e
george96,angelamyers@example.net,hALV1u1ww%
zpoole,oanderson@example.com,txUoud@ANZ
richardflores,samuelgarcia@example.org,VHPddQd8es
welchkristen,mary25@example.org,0f*W^vumbS
davissamuel,anthonyzimmerman@example.org,Cl1io871&4
ujohnson,tonyawalters@example.com,raN88GqP*U
johnhurst,james36@example.com,m9@=zqC$qs
hillsavannah,littlebeth@example.org,CkmZKnFCGx
stevenscaitlin,thomasjose@example.org,MQ7%%=IqP2
jonesmegan,peterhenry@example.org,VseXgzxbse
clarkrobert,cynthia72@example.org,EuYPb=99Sy
alejandro29,wilsonmatthew@example.com,=Z5B6H*4pJ
mcooley,moorejudy@example.org,$RRxGR!_6m
catherineherrera,javierdiaz@example.org,R%HiU2d*qm
murphyjeffrey,josepholson@example.org,D6op_LqSN5
jean47,zgraham@example.org,3_k#xY$ysC
gerald46,silvakatie@example.com,czT^t+^^g&
lauramckay,chamilton@example.com,U*D^vVumvC
lisa91,kpatterson@example.com,t*2zJgZLX%
rachael17,pamelarubio@example.com,187PrMajG-
pcarter,raymond12@example.com,NAih0rs9uF
wgibbs,charlessandoval@example.com,Yu1YyFSjCJ
kimberlymartinez,haley53@example.com,rZptA4sJPb
rachel81,ncampbell@example.net,p%N^n8D4Mp
dakotaramirez,berrydebbie@example.net,*6tjRIfWGo
ustewart,jameslang@example.com,72v!LC%nlU
mooneyrobert,chavezcarolyn@example.net,E@31hnJJG$
byoung,andrew90@example.com,Q1GTkbm!F@
david60,rogersallen@example.com,C3In!-+W%W
gallegosrobert,joshua56@example.org,fnm=mpEU1Y
troy06,heather77@example.net,fS46=%eZ3d
cameronsharon,johnsonbrandon@example.org,B+xdQmL0d6
danielmorris,fperez@example.org,GTSTFJ5gP6
greenkristen,williamskevin@example.com,HuA-_PZSw@
hailey64,sarasilva@example.org,lQT&DONmlZ
luishernandez,qwalsh@example.org,O@xWzH!SR4
beckystanley,marc73@example.org,UuvPcoyN#-
katie15,donnamoss@example.org,L-&wYjzllZ
jonestroy,alexanderrobinson@example.com,HsR&TYrXnL
tonypeterson,kathleen47@example.net,+kPC4fF_tJ
melaniegarcia,jefferycox@example.com,d@CCFC4Bsb
kimberlylopez,rodney49@example.net,LFc941-_+y
thomasnancy,allenpatricia@example.org,0x%Z=XHUH3
anthony87,joseph81@example.com,VUEO*TjrPF
zlewis,dromero@example.com,&qm#8&OnDS
mitchell06,mlee@example.com,_C7I=g64@3
brookemoreno,gstone@example.net,ivc-5-hS9s
lucassusan,dariusjacobson@example.net,iTiJ+Gd!3r
john81,jeremy96@example.com,YB5N&MQD+$
ugarcia,tyler23@example.com,0s*OagTpji
janice40,lopezrebecca@example.net,^0uyFwxd@p
sstevenson,georgemaldonado@example.org,QlmZ=X0W8r
martingibson,waderonnie@example.org,RxmNTw3G@l
terriibarra,erincastaneda@example.net,xHZzDSkR5m
tara90,emarks@example.org,^Gch-hVmva
fuentesashley,mary88@example.org,^baPXNd++V
kimberlygarcia,shaun58@example.com,iwy@x&BSmt
careykevin,patricia97@example.org,V=w4w#t4de
gina02,qchase@example.org,&pNLnSx%vm
tyler39,vhoward@example.org,@ytR6_X5o_
samanthagray,sheppardnatalie@example.net,iRFUsE!yZf
harcher,josephshelton@example.com,Th9m%lP^+=
rlawrence,mary16@example.com,&%Y*zKPr5z
keith07,stevenhernandez@example.com,L2Z3Wk!d!n
kevinroberts,alexis03@example.com,P-9XN@Kh^f
brownkevin,abell@example.org,ylN=*wOg&d
devin48,stephaniereeves@example.org,gMXyT&g3$^
ryanhull,jeffery75@example.org,w$VfBm6xCO
ghenderson,samantha94@example.org,jA@A=bfWAo
ushelton,feliciagonzalez@example.org,LaEQwXDVZf
tspencer,christopher97@example.net,tsFH2=NAI0
nicholasliu,hdavis@example.com,b10WJy!GbY
william57,ronald66@example.com,f5qCjoou!i
gainesanthony,idavis@example.net,x&PvGYK&KK
kristin98,david89@example.com,+HnpYzl-@z
camposphilip,dsantiago@example.net,q%e89noDeX
fcombs,nelsonvalerie@example.org,xkiE3V4s4f
brooke49,dvaughn@example.org,#yAOf+btRG
mileszachary,rtaylor@example.net,wS7zhYWtL#
kevincollins,shaffercindy@example.org,iCxyQ4d4iF
joneseric,meyerjohn@example.org,^K-us_Ohoi
gjohnson,hmyers@example.com,0%&cvPVesn
lwebb,meaganpayne@example.net,DaWa+hX+pC
nvillarreal,reynoldsdaisy@example.org,e+*jc8=XKX
lorisandoval,williamlyons@example.org,5E!GS69t6&
scastillo,haleytrevor@example.net,UCsKwXGuVc
peter17,jli@example.org,3Msf60*DZq
stephen96,carpenteraustin@example.net,TAZ11654X7
wwilliams,taylorsharp@example.com,URPZr^AFBy
holdenmichael,michaelmccarthy@example.com,+yU7_0VNBY
thompsonedward,stephen24@example.net,s8n*5M0gzB
sandra17,mestes@example.net,R_uX%3x4dA
barbarapennington,david59@example.net,X+wI+tZ=zt
breanna61,johnsonjessica@example.org,0O7Fq!O^em
ortegavictor,omorris@example.net,ikcbgQlOTz
danielgilmore,acampos@example.org,tBNiUO58Rw
salazardanny,alexandernicholas@example.net,LMm-utu1p&
mcleanmanuel,ogray@example.net,0u-_8JFos4
jameshenry,jeremiah26@example.net,mfrW8W9vcU
harrislisa,wardricky@example.net,4=x5c!+SRk
petersonfaith,nlee@example.net,ViwrMYtozP
wmason,lauriegonzales@example.net,LkT@c1vUGy
ksawyer,martinezzachary@example.org,$J%d!OvgEN
jimenezbrett,andrew44@example.com,H53RfI6kQ_
carlos24,fergusonjohn@example.net,eqb=cMWz8W
reginald08,aguilarsharon@example.com,XeIWQU$20R
johnsonrobert,matthewhubbard@example.org,qSH_y!KIk5
amygross,youngcharles@example.net,kO$ocqnFjw
reedchad,ngeorge@example.org,Vit=EljbbR
rpotts,garciatyler@example.org,jt6Qnphrzk
ryan43,velazquezanthony@example.org,xlla3DAgkX
vfleming,tranbrett@example.com,P^y8z@x8Kh
russellsimmons,darrellwilson@example.net,4x#akwzHs*
allenchristopher,perezjulie@example.net,=ypjyxPDuY
ritteralexis,lisajones@example.org,L0#KB2GSE^
cwhite,michael34@example.org,aGKuihi@Sh
hmendoza,jonesshawna@example.org,3k5blOUi+H
wthornton,scottturner@example.com,O5T9V@M!O*
misty38,luis88@example.org,yDvfT077PZ
reedrobert,nramirez@example.org,775tsX1drO
kevintran,watsonlisa@example.org,WtZUb3wtxB
spenceholly,bbenton@example.com,mcY8tIRzc@
nelsonbrianna,margaret10@example.com,YuM_JDy!@3
ysimpson,owallace@example.org,3u!hTniP9L
blopez,guerreroanthony@example.com,sE%@B1!bNu
kentkaren,sandra49@example.org,RN2pq^KRVq
petersonmaria,yglenn@example.net,V+8ic5V1FA
aguirreangela,michele87@example.com,PDO8J-R=Qy
francisco67,davidsmith@example.net,qP=DEF!+8c
matthew60,michael49@example.org,O$mXsPk^!7
parkerdonna,melanie77@example.org,Ii5XyJsUh8
csmith,timothy83@example.com,FCaPT9-sIO
rileychristopher,stephanie72@example.com,!O&zypLhy^
jordan72,crystalthomas@example.net,#KFW2bMHAs
halldiamond,gabriellevalencia@example.net,Ldd1kV7s5W
bobby30,theresa05@example.net,-u4OnJ6Jz6
burkemichael,hunterdaniel@example.org,KuqPcpgP_9
bjones,douglas59@example.com,VsOW_d3PYw
theresa57,christy25@example.org,PeKP++f$hq
sarah90,lynchlindsey@example.net,@iirtn%uEl
shelby69,sandovaledward@example.net,UTRk0Ri@Z*
friedmansusan,arianacuevas@example.net,h^1Yt_lA5u
